{"epoch": 0, "time_epoch": 61.75675, "eta": 6113.91814, "eta_hours": 1.69831, "loss": 0.54276452, "lr": NaN, "params": 500003, "time_iter": 0.18164, "mae": 0.54276, "r2": 0.19891, "spearmanr": 0.59684, "pearson": -1.0, "mse": 0.80997, "rmse": 0.89738, "trivial_loss": 0.6731910794099011}
{"epoch": 1, "time_epoch": 60.14165, "eta": 5973.02152, "eta_hours": 1.65917, "loss": 0.45075073, "lr": NaN, "params": 500003, "time_iter": 0.17689, "mae": 0.45075, "r2": 0.34391, "spearmanr": 0.79858, "pearson": -1.0, "mse": 0.6636, "rmse": 0.80677, "trivial_loss": 0.6734861028640654}
{"epoch": 2, "time_epoch": 60.68651, "eta": 5903.57855, "eta_hours": 1.63988, "loss": 0.38412849, "lr": NaN, "params": 500003, "time_iter": 0.17849, "mae": 0.38413, "r2": 0.46579, "spearmanr": 0.85182, "pearson": -1.0, "mse": 0.54032, "rmse": 0.72456, "trivial_loss": 0.6728642840980991}
{"epoch": 3, "time_epoch": 60.21457, "eta": 5827.18743, "eta_hours": 1.61866, "loss": 0.3550337, "lr": NaN, "params": 500003, "time_iter": 0.1771, "mae": 0.35503, "r2": 0.53006, "spearmanr": 0.8648, "pearson": -1.0, "mse": 0.47523, "rmse": 0.67687, "trivial_loss": 0.672134726074706}
{"epoch": 4, "time_epoch": 61.02512, "eta": 5772.66725, "eta_hours": 1.60352, "loss": 0.34139458, "lr": NaN, "params": 500003, "time_iter": 0.17949, "mae": 0.34139, "r2": 0.56551, "spearmanr": 0.86952, "pearson": -1.0, "mse": 0.43931, "rmse": 0.64964, "trivial_loss": 0.6727442087458784}
{"epoch": 5, "time_epoch": 60.7021, "eta": 5710.91826, "eta_hours": 1.58637, "loss": 0.33371599, "lr": NaN, "params": 500003, "time_iter": 0.17854, "mae": 0.33372, "r2": 0.58928, "spearmanr": 0.87174, "pearson": -1.0, "mse": 0.4152, "rmse": 0.63055, "trivial_loss": 0.6729335712167362}
{"epoch": 6, "time_epoch": 60.6943, "eta": 5649.36469, "eta_hours": 1.56927, "loss": 0.32993659, "lr": NaN, "params": 500003, "time_iter": 0.17851, "mae": 0.32994, "r2": 0.60282, "spearmanr": 0.87332, "pearson": -1.0, "mse": 0.40147, "rmse": 0.6197, "trivial_loss": 0.6730935666386364}
{"epoch": 7, "time_epoch": 61.07679, "eta": 5592.42461, "eta_hours": 1.55345, "loss": 0.32626665, "lr": NaN, "params": 500003, "time_iter": 0.17964, "mae": 0.32627, "r2": 0.61502, "spearmanr": 0.87356, "pearson": -1.0, "mse": 0.3891, "rmse": 0.60961, "trivial_loss": 0.6726314214799218}
{"epoch": 8, "time_epoch": 61.16339, "eta": 5535.44087, "eta_hours": 1.53762, "loss": 0.32152102, "lr": NaN, "params": 500003, "time_iter": 0.17989, "mae": 0.32152, "r2": 0.62874, "spearmanr": 0.87646, "pearson": -1.0, "mse": 0.37518, "rmse": 0.59818, "trivial_loss": 0.6732715772779909}
{"epoch": 9, "time_epoch": 60.17262, "eta": 5468.70425, "eta_hours": 1.51908, "loss": 0.3200115, "lr": NaN, "params": 500003, "time_iter": 0.17698, "mae": 0.32001, "r2": 0.62995, "spearmanr": 0.8772, "pearson": -1.0, "mse": 0.37397, "rmse": 0.59726, "trivial_loss": 0.6725950824472138}
{"epoch": 10, "time_epoch": 61.27278, "eta": 5412.06236, "eta_hours": 1.50335, "loss": 0.31833707, "lr": NaN, "params": 500003, "time_iter": 0.18021, "mae": 0.31834, "r2": 0.63396, "spearmanr": 0.87884, "pearson": -1.0, "mse": 0.36992, "rmse": 0.59406, "trivial_loss": 0.672300238996555}
{"epoch": 11, "time_epoch": 60.74571, "eta": 5350.7835, "eta_hours": 1.48633, "loss": 0.31688285, "lr": NaN, "params": 500003, "time_iter": 0.17866, "mae": 0.31688, "r2": 0.63897, "spearmanr": 0.87922, "pearson": -1.0, "mse": 0.36484, "rmse": 0.59027, "trivial_loss": 0.6731303177070215}
{"epoch": 12, "time_epoch": 59.98249, "eta": 5284.47894, "eta_hours": 1.46791, "loss": 0.3112028, "lr": NaN, "params": 500003, "time_iter": 0.17642, "mae": 0.3112, "r2": 0.64856, "spearmanr": 0.88161, "pearson": -1.0, "mse": 0.3551, "rmse": 0.58173, "trivial_loss": 0.6734401193251005}
{"epoch": 13, "time_epoch": 60.86942, "eta": 5224.52584, "eta_hours": 1.45126, "loss": 0.31284482, "lr": NaN, "params": 500003, "time_iter": 0.17903, "mae": 0.31284, "r2": 0.6467, "spearmanr": 0.88221, "pearson": -1.0, "mse": 0.35699, "rmse": 0.58336, "trivial_loss": 0.673297281456248}
{"epoch": 14, "time_epoch": 59.8286, "eta": 5158.55258, "eta_hours": 1.43293, "loss": 0.31259723, "lr": NaN, "params": 500003, "time_iter": 0.17597, "mae": 0.3126, "r2": 0.64487, "spearmanr": 0.88219, "pearson": -1.0, "mse": 0.35885, "rmse": 0.58423, "trivial_loss": 0.6729765885954869}
{"epoch": 15, "time_epoch": 61.21207, "eta": 5100.6106, "eta_hours": 1.41684, "loss": 0.30962708, "lr": NaN, "params": 500003, "time_iter": 0.18004, "mae": 0.30963, "r2": 0.64955, "spearmanr": 0.88337, "pearson": -1.0, "mse": 0.35411, "rmse": 0.58112, "trivial_loss": 0.6732808440104148}
{"epoch": 16, "time_epoch": 60.48671, "eta": 5038.74243, "eta_hours": 1.39965, "loss": 0.30966043, "lr": NaN, "params": 500003, "time_iter": 0.1779, "mae": 0.30966, "r2": 0.65307, "spearmanr": 0.88379, "pearson": -1.0, "mse": 0.35054, "rmse": 0.5784, "trivial_loss": 0.6731637914628298}
{"epoch": 17, "time_epoch": 60.6772, "eta": 4977.89558, "eta_hours": 1.38275, "loss": 0.31328577, "lr": NaN, "params": 500003, "time_iter": 0.17846, "mae": 0.31329, "r2": 0.64669, "spearmanr": 0.88228, "pearson": -1.0, "mse": 0.35701, "rmse": 0.58344, "trivial_loss": 0.6728803638228714}
{"epoch": 18, "time_epoch": 60.34464, "eta": 4915.64883, "eta_hours": 1.36546, "loss": 0.3119575, "lr": NaN, "params": 500003, "time_iter": 0.17748, "mae": 0.31196, "r2": 0.64818, "spearmanr": 0.88229, "pearson": -1.0, "mse": 0.3555, "rmse": 0.58226, "trivial_loss": 0.6735199308160761}
{"epoch": 19, "time_epoch": 60.63618, "eta": 4854.75843, "eta_hours": 1.34854, "loss": 0.3074706, "lr": NaN, "params": 500003, "time_iter": 0.17834, "mae": 0.30747, "r2": 0.65469, "spearmanr": 0.88503, "pearson": -1.0, "mse": 0.34891, "rmse": 0.57669, "trivial_loss": 0.6733125876198475}
{"epoch": 20, "time_epoch": 60.67333, "eta": 4794.03199, "eta_hours": 1.33168, "loss": 0.30398126, "lr": NaN, "params": 500003, "time_iter": 0.17845, "mae": 0.30398, "r2": 0.66245, "spearmanr": 0.88674, "pearson": -1.0, "mse": 0.34104, "rmse": 0.56966, "trivial_loss": 0.6728407064730118}
{"epoch": 21, "time_epoch": 61.11322, "eta": 4734.87001, "eta_hours": 1.31524, "loss": 0.30548757, "lr": NaN, "params": 500003, "time_iter": 0.17974, "mae": 0.30549, "r2": 0.65756, "spearmanr": 0.88632, "pearson": -1.0, "mse": 0.346, "rmse": 0.57475, "trivial_loss": 0.6727314170562694}
{"epoch": 22, "time_epoch": 61.04783, "eta": 4675.31943, "eta_hours": 1.2987, "loss": 0.30504811, "lr": NaN, "params": 500003, "time_iter": 0.17955, "mae": 0.30505, "r2": 0.65862, "spearmanr": 0.88678, "pearson": -1.0, "mse": 0.34493, "rmse": 0.57313, "trivial_loss": 0.6737806443719453}
{"epoch": 23, "time_epoch": 60.44105, "eta": 4613.7226, "eta_hours": 1.28159, "loss": 0.30768847, "lr": NaN, "params": 500003, "time_iter": 0.17777, "mae": 0.30769, "r2": 0.65521, "spearmanr": 0.88545, "pearson": -1.0, "mse": 0.34839, "rmse": 0.57619, "trivial_loss": 0.6732411650070697}
{"epoch": 24, "time_epoch": 60.86529, "eta": 4553.49097, "eta_hours": 1.26486, "loss": 0.30789808, "lr": NaN, "params": 500003, "time_iter": 0.17902, "mae": 0.3079, "r2": 0.65265, "spearmanr": 0.88492, "pearson": -1.0, "mse": 0.351, "rmse": 0.57859, "trivial_loss": 0.6728354163894786}
{"epoch": 25, "time_epoch": 60.1283, "eta": 4491.11301, "eta_hours": 1.24753, "loss": 0.30270807, "lr": NaN, "params": 500003, "time_iter": 0.17685, "mae": 0.30271, "r2": 0.6629, "spearmanr": 0.88797, "pearson": -1.0, "mse": 0.3406, "rmse": 0.56971, "trivial_loss": 0.6728908744137256}
{"epoch": 26, "time_epoch": 61.75267, "eta": 4433.29351, "eta_hours": 1.23147, "loss": 0.30481936, "lr": NaN, "params": 500003, "time_iter": 0.18163, "mae": 0.30482, "r2": 0.65735, "spearmanr": 0.88713, "pearson": -1.0, "mse": 0.34622, "rmse": 0.5742, "trivial_loss": 0.6728946752143873}
{"epoch": 27, "time_epoch": 61.01276, "eta": 4373.29045, "eta_hours": 1.2148, "loss": 0.30289119, "lr": NaN, "params": 500003, "time_iter": 0.17945, "mae": 0.30289, "r2": 0.65739, "spearmanr": 0.88827, "pearson": -1.0, "mse": 0.34617,