{"epoch": 0, "time_epoch": 15.91995, "eta": 7944.05482, "eta_hours": 2.20668, "loss": 0.5338399, "lr": NaN, "params": 508210, "time_iter": 0.18729, "accuracy": 0.16463, "ap": 0.18376, "auc": 0.52842, "trivial_loss": 0.7516854915219376}
{"epoch": 1, "time_epoch": 14.289, "eta": 7522.02886, "eta_hours": 2.08945, "loss": 0.38358907, "lr": NaN, "params": 508210, "time_iter": 0.16811, "accuracy": 0.16463, "ap": 0.2564, "auc": 0.59315, "trivial_loss": 0.7516922538889854}
{"epoch": 2, "time_epoch": 14.89261, "eta": 7471.82485, "eta_hours": 2.07551, "loss": 0.34183719, "lr": NaN, "params": 508210, "time_iter": 0.17521, "accuracy": 0.16463, "ap": 0.28518, "auc": 0.63913, "trivial_loss": 0.751696577821409}
{"epoch": 3, "time_epoch": 14.81208, "eta": 7429.2913, "eta_hours": 2.06369, "loss": 0.32171464, "lr": NaN, "params": 508210, "time_iter": 0.17426, "accuracy": 0.16463, "ap": 0.32026, "auc": 0.68615, "trivial_loss": 0.751688331384772}
{"epoch": 4, "time_epoch": 14.94994, "eta": 7411.4944, "eta_hours": 2.05875, "loss": 0.3078672, "lr": NaN, "params": 508210, "time_iter": 0.17588, "accuracy": 0.16463, "ap": 0.34773, "auc": 0.71723, "trivial_loss": 0.7516991789257867}
{"epoch": 5, "time_epoch": 14.83988, "eta": 7385.58485, "eta_hours": 2.05155, "loss": 0.29663313, "lr": NaN, "params": 508210, "time_iter": 0.17459, "accuracy": 0.16463, "ap": 0.36692, "auc": 0.73523, "trivial_loss": 0.7516933800566112}
{"epoch": 6, "time_epoch": 15.15783, "eta": 7385.23099, "eta_hours": 2.05145, "loss": 0.28612482, "lr": NaN, "params": 508210, "time_iter": 0.17833, "accuracy": 0.16463, "ap": 0.38164, "auc": 0.75382, "trivial_loss": 0.7516816690020077}
{"epoch": 7, "time_epoch": 15.23513, "eta": 7385.92972, "eta_hours": 2.05165, "loss": 0.28056257, "lr": NaN, "params": 508210, "time_iter": 0.17924, "accuracy": 0.16463, "ap": 0.39363, "auc": 0.76544, "trivial_loss": 0.751685787116682}
{"epoch": 8, "time_epoch": 15.22325, "eta": 7382.43942, "eta_hours": 2.05068, "loss": 0.27506521, "lr": NaN, "params": 508210, "time_iter": 0.1791, "accuracy": 0.16463, "ap": 0.40851, "auc": 0.77746, "trivial_loss": 0.751702580880211}
{"epoch": 9, "time_epoch": 20.34309, "eta": 7627.47488, "eta_hours": 2.11874, "loss": 0.26982209, "lr": NaN, "params": 508210, "time_iter": 0.23933, "accuracy": 0.16463, "ap": 0.42296, "auc": 0.79157, "trivial_loss": 0.7516927972653856}
{"epoch": 10, "time_epoch": 19.40011, "eta": 7782.33989, "eta_hours": 2.16176, "loss": 0.26561371, "lr": NaN, "params": 508210, "time_iter": 0.22824, "accuracy": 0.16463, "ap": 0.4343, "auc": 0.79945, "trivial_loss": 0.7516933157265729}
{"epoch": 11, "time_epoch": 20.4314, "eta": 7950.10012, "eta_hours": 2.20836, "loss": 0.26284741, "lr": NaN, "params": 508210, "time_iter": 0.24037, "accuracy": 0.16463, "ap": 0.44049, "auc": 0.80664, "trivial_loss": 0.751685310997652}
{"epoch": 12, "time_epoch": 19.21407, "eta": 8043.30454, "eta_hours": 2.23425, "loss": 0.26080048, "lr": NaN, "params": 508210, "time_iter": 0.22605, "accuracy": 0.16463, "ap": 0.44582, "auc": 0.8156, "trivial_loss": 0.751697671284049}
{"epoch": 13, "time_epoch": 20.4309, "eta": 8162.69051, "eta_hours": 2.26741, "loss": 0.25796978, "lr": NaN, "params": 508210, "time_iter": 0.24036, "accuracy": 0.16463, "ap": 0.4509, "auc": 0.81818, "trivial_loss": 0.7516921853433699}
{"epoch": 14, "time_epoch": 20.45228, "eta": 8264.12547, "eta_hours": 2.29559, "loss": 0.25410811, "lr": NaN, "params": 508210, "time_iter": 0.24062, "accuracy": 0.16463, "ap": 0.46025, "auc": 0.82346, "trivial_loss": 0.7516960066189096}
