{"epoch": 0, "time_epoch": 135.8939, "eta": 67811.05606, "eta_hours": 18.8364, "loss": 0.53594142, "lr": NaN, "params": 508210, "time_iter": 1.59875, "accuracy": 0.16463, "ap": 0.18258, "auc": 0.52592, "trivial_loss": 0.7516854915219376}
{"epoch": 1, "time_epoch": 135.28264, "eta": 67522.95808, "eta_hours": 18.75638, "loss": 0.38132897, "lr": NaN, "params": 508210, "time_iter": 1.59156, "accuracy": 0.16463, "ap": 0.25318, "auc": 0.59311, "trivial_loss": 0.7516922538889854}
{"epoch": 2, "time_epoch": 135.40591, "eta": 67357.15944, "eta_hours": 18.71032, "loss": 0.34250757, "lr": NaN, "params": 508210, "time_iter": 1.59301, "accuracy": 0.16463, "ap": 0.28395, "auc": 0.6345, "trivial_loss": 0.751696577821409}
{"epoch": 3, "time_epoch": 136.16547, "eta": 67300.74194, "eta_hours": 18.69465, "loss": 0.32492135, "lr": NaN, "params": 508210, "time_iter": 1.60195, "accuracy": 0.16463, "ap": 0.30685, "auc": 0.67546, "trivial_loss": 0.751688331384772}
{"epoch": 4, "time_epoch": 134.09705, "eta": 67007.65241, "eta_hours": 18.61324, "loss": 0.31223564, "lr": NaN, "params": 508210, "time_iter": 1.57761, "accuracy": 0.16463, "ap": 0.33652, "auc": 0.70929, "trivial_loss": 0.7516991789257867}
{"epoch": 5, "time_epoch": 138.14422, "eta": 67100.77726, "eta_hours": 18.6391, "loss": 0.30217762, "lr": NaN, "params": 508210, "time_iter": 1.62523, "accuracy": 0.16463, "ap": 0.35878, "auc": 0.73349, "trivial_loss": 0.7516933800566112}
